{"workclass": {"codes": {"Private": 0.5574, "?": 0.66704, "Self-emp-not-inc": 0.52809, "State-gov": 0.48245, "Local-gov": 0.64407, "Self-emp-inc": 0.59491, "Federal-gov": 0.45879, "Without-pay": 0.58527, "Never-worked": 0.72372}, "error": 0.04152998648628357}, "education": {"codes": {"11th": 0.34687, "HS-grad": 0.46146, "10th": 0.36158, "Prof-school": 0.3932, "Some-college": 0.43222, "7th-8th": 0.14179, "Masters": 0.5804, "Bachelors": 0.60655, "5th-6th": 0.62872, "Assoc-voc": 0.68281, "Assoc-acdm": 0.43526, "Doctorate": 0.0075, "9th": 0.15273, "1st-4th": 0.12529, "12th": 0.03774, "Preschool": 0.61341}, "error": 0.07822435262688457}, "marital-status": {"codes": {"Never-married": 0.75281, "Married-civ-spouse": 0.77449, "Divorced": 0.73343, "Separated": 0.74942, "Widowed": 0.81538, "Married-spouse-absent": 0.61948, "Married-AF-spouse": 0.92637}, "error": 0.02354350900304869}, "occupation": {"codes": {"Machine-op-inspct": 0.31555, "Farming-fishing": 0.51703, "Other-service": 0.65819, "?": 0.38235, "Prof-specialty": 0.52462, "Craft-repair": 0.40229, "Adm-clerical": 0.37152, "Exec-managerial": 0.38477, "Sales": 0.31196, "Protective-serv": 0.8137, "Priv-house-serv": 0.70832, "Handlers-cleaners": 0.62194, "Transport-moving": 0.50053, "Tech-support": 0.26576, "Armed-Forces": 0.3396}, "error": 0.12143194074015153}, "relationship": {"codes": {"Own-child": 0.32382, "Husband": 0.35583, "Not-in-family": 0.40116, "Unmarried": 0.43881, "Wife": 0.30994, "Other-relative": 0.39723}, "error": 0.03650556309999264}, "race": {"codes": {"Black": 0.44905, "White": 0.45977, "Other": 0.42628, "Amer-Indian-Eskimo": 0.45787, "Asian-Pac-Islander": 0.53563}, "error": 0.01413428457115151}, "gender": {"codes": {"Male": 0.79196, "Female": 0.79203}, "error": 3.189229530163013e-05}, "native-country": {"codes": {"United-States": 0.50029, "Guatemala": 0.33723, "Mexico": 0.49374, "Dominican-Republic": 0.51043, "?": 0.36793, "Thailand": 0.16967, "Haiti": 0.27783, "Puerto-Rico": 0.649, "Germany": 0.73455, "South": 0.52523, "Columbia": 0.68664, "India": 0.20728, "Poland": 0.15279, "England": 0.58341, "Philippines": 0.80746, "Cuba": 0.69734, "Taiwan": 0.3704, "Portugal": 0.30274, "China": 0.87769, "Nicaragua": 0.84642, "El-Salvador": 0.55066, "Canada": 0.53454, "Honduras": 0.75763, "Vietnam": 0.61717, "Iran": 0.5316, "Ireland": 0.55294, "Jamaica": 0.34595, "Ecuador": 0.48563, "Yugoslavia": 0.52283, "Hong": 0.18795, "Hungary": 0.71646, "Scotland": 0.93341, "Japan": 0.23072, "Outlying-US(Guam-USVI-etc)": 0.4131, "Peru": 0.13587, "France": 0.17856, "Italy": 0.64217, "Greece": 0.77366, "Trinadad&Tobago": 0.5421, "Cambodia": 0.3149, "Laos": 0.93625, "Holand-Netherlands": 0.57134}, "error": 0.05931811217453959}}