{"workclass": {"codes": {"Private": 0.98601, "?": 0.09777, "Self-emp-not-inc": 0.592, "State-gov": 0.34671, "Local-gov": 0.28349, "Self-emp-inc": 0.93871, "Federal-gov": 0.30174, "Without-pay": 0.20304, "Never-worked": 0.46967}, "error": 0.2973669872978545}, "education": {"codes": {"11th": 0.99307, "HS-grad": 0.21037, "10th": 0.83529, "Prof-school": 0.18894, "Some-college": 0.16565, "7th-8th": 0.89541, "Masters": 0.5205, "Bachelors": 0.50641, "5th-6th": 0.98953, "Assoc-voc": 0.15197, "Assoc-acdm": 0.95411, "Doctorate": 0.67593, "9th": 0.55648, "1st-4th": 0.80442, "12th": 0.10933, "Preschool": 0.55198}, "error": 0.2621210367046314}, "marital-status": {"codes": {"Never-married": 0.35863, "Married-civ-spouse": 0.7646, "Divorced": 0.73895, "Separated": 0.74431, "Widowed": 0.9801, "Married-spouse-absent": 0.65057, "Married-AF-spouse": 0.66665}, "error": 0.19376806903956345}, "occupation": {"codes": {"Machine-op-inspct": 0.41644, "Farming-fishing": 0.75929, "Other-service": 0.05289, "?": 0.20819, "Prof-specialty": 0.44605, "Craft-repair": 0.50543, "Adm-clerical": 0.22253, "Exec-managerial": 0.76091, "Sales": 0.76125, "Protective-serv": 0.18175, "Priv-house-serv": 0.12224, "Handlers-cleaners": 0.96911, "Transport-moving": 0.54942, "Tech-support": 0.4966, "Armed-Forces": 0.93743}, "error": 0.2488412195769216}, "relationship": {"codes": {"Own-child": 0.46264, "Husband": 0.34798, "Not-in-family": 0.31115, "Unmarried": 0.91295, "Wife": 0.97682, "Other-relative": 0.39491}, "error": 0.21138830479870893}, "race": {"codes": {"Black": 0.15011, "White": 0.41823, "Other": 0.99738, "Amer-Indian-Eskimo": 0.06191, "Asian-Pac-Islander": 0.50072}, "error": 0.10211680605639922}, "gender": {"codes": {"Male": 0.55374, "Female": 0.98676}, "error": 0.20375506450876518}, "native-country": {"codes": {"United-States": 0.45718, "Guatemala": 0.67106, "Mexico": 0.81932, "Dominican-Republic": 0.32541, "?": 0.91386, "Thailand": 0.77578, "Haiti": 0.11903, "Puerto-Rico": 0.85398, "Germany": 0.89296, "South": 0.89505, "Columbia": 0.35277, "India": 0.87466, "Poland": 0.9364, "England": 0.15148, "Philippines": 0.19079, "Cuba": 0.55555, "Taiwan": 0.96405, "Portugal": 0.90045, "China": 0.26349, "Nicaragua": 0.11869, "El-Salvador": 0.00034, "Canada": 0.32978, "Honduras": 0.20221, "Vietnam": 0.68683, "Iran": 0.9374, "Ireland": 0.01304, "Jamaica": 0.18935, "Ecuador": 0.82134, "Yugoslavia": 0.62766, "Hong": 0.28223, "Hungary": 0.57302, "Scotland": 0.11038, "Japan": 0.90364, "Outlying-US(Guam-USVI-etc)": 0.89458, "Peru": 0.69166, "France": 0.84243, "Italy": 0.8439, "Greece": 0.06477, "Trinadad&Tobago": 0.63864, "Cambodia": 0.30361, "Laos": 0.32962, "Holand-Netherlands": 0.12851}, "error": 0.11595639703616661}}